SMILES,logK
CCON1C=C[N+](=C1)OCC.C(F)(F)(F)S(=O)(=O)[N-]S(=O)(=O)C(F)(F)F  ,0.396
CCON1C=C[N+](=C1)OCC.C(F)(F)(F)S(=O)(=O)[N-]S(=O)(=O)C(F)(F)F  ,0.396
CCON1C=C[N+](=C1)OCC.C(F)(F)(F)S(=O)(=O)[N-]S(=O)(=O)C(F)(F)F  ,0.396
CCON1C=C[N+](=C1)OCC.C(F)(F)(F)S(=O)(=O)[N-]S(=O)(=O)C(F)(F)F  ,0.396
CCON1C=C[N+](=C1)OCC.C(F)(F)(F)S(=O)(=O)[N-]S(=O)(=O)C(F)(F)F  ,0.396
CCON1C=C[N+](=C1)OCC.C(F)(F)(F)S(=O)(=O)[N-]S(=O)(=O)C(F)(F)F  ,0.396
CCON1C=C[N+](=C1)OCC.C(F)(F)(F)S(=O)(=O)[N-]S(=O)(=O)C(F)(F)F  ,0.396
CCON1C=C[N+](=C1)OCC.C(F)(F)(F)S(=O)(=O)[N-]S(=O)(=O)C(F)(F)F  ,0.554
CCON1C=C[N+](=C1)OCC.C(F)(F)(F)S(=O)(=O)[N-]S(=O)(=O)C(F)(F)F  ,0.554
CCON1C=C[N+](=C1)OCC.C(F)(F)(F)S(=O)(=O)[N-]S(=O)(=O)C(F)(F)F  ,0.554
CCON1C=C[N+](=C1)OCC.C(F)(F)(F)S(=O)(=O)[N-]S(=O)(=O)C(F)(F)F  ,0.554
CCON1C=C[N+](=C1)OCC.C(F)(F)(F)S(=O)(=O)[N-]S(=O)(=O)C(F)(F)F  ,0.554
CCON1C=C[N+](=C1)OCC.C(F)(F)(F)S(=O)(=O)[N-]S(=O)(=O)C(F)(F)F  ,0.554
CCON1C=C[N+](=C1)OCC.C(F)(F)(F)S(=O)(=O)[N-]S(=O)(=O)C(F)(F)F  ,0.554
CCON1C=C[N+](=C1)OCC.C(F)(F)(F)S(=O)(=O)[N-]S(=O)(=O)C(F)(F)F  ,0.626
CCON1C=C[N+](=C1)OCC.C(F)(F)(F)S(=O)(=O)[N-]S(=O)(=O)C(F)(F)F  ,0.626
CCON1C=C[N+](=C1)OCC.C(F)(F)(F)S(=O)(=O)[N-]S(=O)(=O)C(F)(F)F  ,0.626
CCON1C=C[N+](=C1)OCC.C(F)(F)(F)S(=O)(=O)[N-]S(=O)(=O)C(F)(F)F  ,0.626
CCON1C=C[N+](=C1)OCC.C(F)(F)(F)S(=O)(=O)[N-]S(=O)(=O)C(F)(F)F  ,0.626
CCON1C=C[N+](=C1)OCC.C(F)(F)(F)S(=O)(=O)[N-]S(=O)(=O)C(F)(F)F  ,0.626
CCON1C=C[N+](=C1)OCC.C(F)(F)(F)S(=O)(=O)[N-]S(=O)(=O)C(F)(F)F  ,0.626
CCON1C=C[N+](=C1)OCC.C(F)(F)(F)S(=O)(=O)[N-]S(=O)(=O)C(F)(F)F  ,0.712
CCON1C=C[N+](=C1)OCC.C(F)(F)(F)S(=O)(=O)[N-]S(=O)(=O)C(F)(F)F  ,0.712
CCON1C=C[N+](=C1)OCC.C(F)(F)(F)S(=O)(=O)[N-]S(=O)(=O)C(F)(F)F  ,0.712
CCON1C=C[N+](=C1)OCC.C(F)(F)(F)S(=O)(=O)[N-]S(=O)(=O)C(F)(F)F  ,0.712
CCON1C=C[N+](=C1)OCC.C(F)(F)(F)S(=O)(=O)[N-]S(=O)(=O)C(F)(F)F  ,0.712
CCON1C=C[N+](=C1)OCC.C(F)(F)(F)S(=O)(=O)[N-]S(=O)(=O)C(F)(F)F  ,0.712
CCON1C=C[N+](=C1)OCC.C(F)(F)(F)S(=O)(=O)[N-]S(=O)(=O)C(F)(F)F  ,0.712
CCON1C=C[N+](=C1)OCC.C(F)(F)(F)S(=O)(=O)[N-]S(=O)(=O)C(F)(F)F  ,0.778
CCON1C=C[N+](=C1)OCC.C(F)(F)(F)S(=O)(=O)[N-]S(=O)(=O)C(F)(F)F  ,0.778
CCON1C=C[N+](=C1)OCC.C(F)(F)(F)S(=O)(=O)[N-]S(=O)(=O)C(F)(F)F  ,0.778
CCON1C=C[N+](=C1)OCC.C(F)(F)(F)S(=O)(=O)[N-]S(=O)(=O)C(F)(F)F  ,0.778
CCON1C=C[N+](=C1)OCC.C(F)(F)(F)S(=O)(=O)[N-]S(=O)(=O)C(F)(F)F  ,0.778
CCON1C=C[N+](=C1)OCC.C(F)(F)(F)S(=O)(=O)[N-]S(=O)(=O)C(F)(F)F  ,0.812
CCON1C=C[N+](=C1)OCC.C(F)(F)(F)S(=O)(=O)[N-]S(=O)(=O)C(F)(F)F  ,0.812
CCON1C=C[N+](=C1)OCC.C(F)(F)(F)S(=O)(=O)[N-]S(=O)(=O)C(F)(F)F  ,0.812
CC(=O)[O-].C(CO)[NH2+]CCO,0.0089
CC(=O)[O-].C(CO)[NH2+]CCO,0.0251
CC(=O)[O-].C(CO)[NH2+]CCO,0.0391
CC(=O)[O-].C(CO)[NH2+]CCO,0.06
CC(=O)[O-].C(CO)[NH2+]CCO,0.0822
CC(=O)[O-].C(CO)[NH2+]CCO,0.1076
CC(=O)[O-].C(CO)[NH2+]CCO,0.0074
CC(=O)[O-].C(CO)[NH2+]CCO,0.0231
CC(=O)[O-].C(CO)[NH2+]CCO,0.0371
CC(=O)[O-].C(CO)[NH2+]CCO,0.0572
CC(=O)[O-].C(CO)[NH2+]CCO,0.0761
CC(=O)[O-].C(CO)[NH2+]CCO,0.0905
CC(=O)[O-].C(CO)[NH2+]CCO,0.0074
CC(=O)[O-].C(CO)[NH2+]CCO,0.0146
CC(=O)[O-].C(CO)[NH2+]CCO,0.0225
CC(=O)[O-].C(CO)[NH2+]CCO,0.0371
CC(=O)[O-].C(CO)[NH2+]CCO,0.0502
CC(=O)[O-].C(CO)[NH2+]CCO,0.0626
C(CO)[NH2+]CCO.CC(C(=O)[O-])O,0.0069
C(CO)[NH2+]CCO.CC(C(=O)[O-])O,0.0192
C(CO)[NH2+]CCO.CC(C(=O)[O-])O,0.0361
C(CO)[NH2+]CCO.CC(C(=O)[O-])O,0.0529
C(CO)[NH2+]CCO.CC(C(=O)[O-])O,0.0691
C(CO)[NH2+]CCO.CC(C(=O)[O-])O,0.0835
C(CO)[NH2+]CCO.CC(C(=O)[O-])O,0.0054
C(CO)[NH2+]CCO.CC(C(=O)[O-])O,0.0158
C(CO)[NH2+]CCO.CC(C(=O)[O-])O,0.0342
C(CO)[NH2+]CCO.CC(C(=O)[O-])O,0.0484
C(CO)[NH2+]CCO.CC(C(=O)[O-])O,0.0601
C(CO)[NH2+]CCO.CC(C(=O)[O-])O,0.0738
C(CO)[NH2+]CCO.CC(C(=O)[O-])O,0.0035
C(CO)[NH2+]CCO.CC(C(=O)[O-])O,0.0071
C(CO)[NH2+]CCO.CC(C(=O)[O-])O,0.015
C(CO)[NH2+]CCO.CC(C(=O)[O-])O,0.0211
C(CO)[NH2+]CCO.CC(C(=O)[O-])O,0.0238
C(CO)[NH2+]CCO.CC(C(=O)[O-])O,0.0284
CCCCN1C=C[N+](=C1)C.CC(=O)[O-],0.201
CCCCN1C=C[N+](=C1)C.CC(=O)[O-],0.201
CCCCN1C=C[N+](=C1)C.CC(=O)[O-],0.201
CCCCN1C=C[N+](=C1)C.CC(=O)[O-],0.201
CCCCN1C=C[N+](=C1)C.CC(=O)[O-],0.251
CCCCN1C=C[N+](=C1)C.CC(=O)[O-],0.251
CCCCN1C=C[N+](=C1)C.CC(=O)[O-],0.251
CCCCN1C=C[N+](=C1)C.CC(=O)[O-],0.251
CCCCN1C=C[N+](=C1)C.CC(=O)[O-],0.251
CCCCN1C=C[N+](=C1)C.CC(=O)[O-],0.3
CCCCN1C=C[N+](=C1)C.CC(=O)[O-],0.3
CCCCN1C=C[N+](=C1)C.CC(=O)[O-],0.3
CCCCN1C=C[N+](=C1)C.CC(=O)[O-],0.3
CCCCN1C=C[N+](=C1)C.CC(=O)[O-],0.3
CCCCN1C=C[N+](=C1)C.CC(=O)[O-],0.351
CCCCN1C=C[N+](=C1)C.CC(=O)[O-],0.351
CCCCN1C=C[N+](=C1)C.CC(=O)[O-],0.351
CCCCN1C=C[N+](=C1)C.CC(=O)[O-],0.351
CCCCN1C=C[N+](=C1)C.CC(=O)[O-],0.351
CCCCN1C=C[N+](=C1)C.CC(=O)[O-],0.402
CCCCN1C=C[N+](=C1)C.CC(=O)[O-],0.402
CCCCN1C=C[N+](=C1)C.CC(=O)[O-],0.402
CCCCN1C=C[N+](=C1)C.CC(=O)[O-],0.402
CCCCN1C=C[N+](=C1)C.CC(=O)[O-],0.402
CCCCN1C=C[N+](=C1)C.CC(=O)[O-],0.45
CCCCN1C=C[N+](=C1)C.CC(=O)[O-],0.45
CCCCN1C=C[N+](=C1)C.CC(=O)[O-],0.45
CCCCN1C=C[N+](=C1)C.CC(=O)[O-],0.45
CCCCN1C=C[N+](=C1)C.CC(=O)[O-],0.45
CCCCN1C=C[N+](=C1)C.CC(=O)[O-],0.5
CCCCN1C=C[N+](=C1)C.CC(=O)[O-],0.5
CCCCN1C=C[N+](=C1)C.CC(=O)[O-],0.5
CCCCN1C=C[N+](=C1)C.CC(=O)[O-],0.5
CCCCN1C=C[N+](=C1)C.CC(=O)[O-],0.55
CCCCN1C=C[N+](=C1)C.CC(=O)[O-],0.55
CCCCN1C=C[N+](=C1)C.CC(=O)[O-],0.55
CCCCN1C=C[N+](=C1)C.CC(=O)[O-],0.55
CCCCN1C=C[N+](=C1)C.CC(=O)[O-],0.55
CCCCN1C=C[N+](=C1)C.CC(=O)[O-],0.599
CCCCN1C=C[N+](=C1)C.CC(=O)[O-],0.599
CCCCN1C=C[N+](=C1)C.CC(=O)[O-],0.162
CCCCN1C=C[N+](=C1)C.CC(=O)[O-],0.251
CCCCN1C=C[N+](=C1)C.CC(=O)[O-],0.275
CCCCN1C=C[N+](=C1)C.CC(=O)[O-],0.326
CCCCN1C=C[N+](=C1)C.CC(=O)[O-],0.357
CCCCN1C=C[N+](=C1)C.CC(=O)[O-],0.383
CCCCN1C=C[N+](=C1)C.CC(=O)[O-],0.406
CCCCN1C=C[N+](=C1)C.CC(=O)[O-],0.42
CCCCN1C=C[N+](=C1)C.CC(=O)[O-],0.455
CCCCN1C=C[N+](=C1)C.CC(=O)[O-],0.201
CCCCN1C=C[N+](=C1)C.CC(=O)[O-],0.201
CCCCN1C=C[N+](=C1)C.CC(=O)[O-],0.201
CCCCN1C=C[N+](=C1)C.CC(=O)[O-],0.201
CCCCN1C=C[N+](=C1)C.CC(=O)[O-],0.251
CCCCN1C=C[N+](=C1)C.CC(=O)[O-],0.251
CCCCN1C=C[N+](=C1)C.CC(=O)[O-],0.251
CCCCN1C=C[N+](=C1)C.CC(=O)[O-],0.251
CCCCN1C=C[N+](=C1)C.CC(=O)[O-],0.251
CCCCN1C=C[N+](=C1)C.CC(=O)[O-],0.3
CCCCN1C=C[N+](=C1)C.CC(=O)[O-],0.3
CCCCN1C=C[N+](=C1)C.CC(=O)[O-],0.3
CCCCN1C=C[N+](=C1)C.CC(=O)[O-],0.3
CCCCN1C=C[N+](=C1)C.CC(=O)[O-],0.3
CCCCN1C=C[N+](=C1)C.CC(=O)[O-],0.351
CCCCN1C=C[N+](=C1)C.CC(=O)[O-],0.351
CCCCN1C=C[N+](=C1)C.CC(=O)[O-],0.351
CCCCN1C=C[N+](=C1)C.CC(=O)[O-],0.351
CCCCN1C=C[N+](=C1)C.CC(=O)[O-],0.351
CCCCN1C=C[N+](=C1)C.CC(=O)[O-],0.402
CCCCN1C=C[N+](=C1)C.CC(=O)[O-],0.402
CCCCN1C=C[N+](=C1)C.CC(=O)[O-],0.402
CCCCN1C=C[N+](=C1)C.CC(=O)[O-],0.402
CCCCN1C=C[N+](=C1)C.CC(=O)[O-],0.402
CCCCN1C=C[N+](=C1)C.CC(=O)[O-],0.45
CCCCN1C=C[N+](=C1)C.CC(=O)[O-],0.45
CCCCN1C=C[N+](=C1)C.CC(=O)[O-],0.45
CCCCN1C=C[N+](=C1)C.CC(=O)[O-],0.45
CCCCN1C=C[N+](=C1)C.CC(=O)[O-],0.45
CCCCN1C=C[N+](=C1)C.CC(=O)[O-],0.5
CCCCN1C=C[N+](=C1)C.CC(=O)[O-],0.5
CCCCN1C=C[N+](=C1)C.CC(=O)[O-],0.5
CCCCN1C=C[N+](=C1)C.CC(=O)[O-],0.5
CCCCN1C=C[N+](=C1)C.CC(=O)[O-],0.55
CCCCN1C=C[N+](=C1)C.CC(=O)[O-],0.55
CCCCN1C=C[N+](=C1)C.CC(=O)[O-],0.55
CCCCN1C=C[N+](=C1)C.CC(=O)[O-],0.55
CCCCN1C=C[N+](=C1)C.CC(=O)[O-],0.55
CCCCN1C=C[N+](=C1)C.CC(=O)[O-],0.599
CCCCN1C=C[N+](=C1)C.CC(=O)[O-],0.599
CCCCN1C=C[N+](=C1)C.[B-](F)(F)(F)F,0.003
CCCCN1C=C[N+](=C1)C.[B-](F)(F)(F)F,0.0058
CCCCN1C=C[N+](=C1)C.[B-](F)(F)(F)F,0.0065
CCCCN1C=C[N+](=C1)C.[B-](F)(F)(F)F,0.0133
CCCCN1C=C[N+](=C1)C.[B-](F)(F)(F)F,0.0127
CCCCN1C=C[N+](=C1)C.[B-](F)(F)(F)F,0.0027
CCCCN1C=C[N+](=C1)C.[B-](F)(F)(F)F,0.0054
CCCCN1C=C[N+](=C1)C.[B-](F)(F)(F)F,0.0059
CCCCN1C=C[N+](=C1)C.[B-](F)(F)(F)F,0.0122
CCCCN1C=C[N+](=C1)C.[B-](F)(F)(F)F,0.0026
CCCCN1C=C[N+](=C1)C.[B-](F)(F)(F)F,0.0051
CCCCN1C=C[N+](=C1)C.[B-](F)(F)(F)F,0.0056
CCCCN1C=C[N+](=C1)C.[B-](F)(F)(F)F,0.011
CCCCN1C=C[N+](=C1)C.[B-](F)(F)(F)F,0.0024
CCCCN1C=C[N+](=C1)C.[B-](F)(F)(F)F,0.0049
CCCCN1C=C[N+](=C1)C.[B-](F)(F)(F)F,0.0054
CCCCN1C=C[N+](=C1)C.[B-](F)(F)(F)F,0.0098
CCCCN1C=C[N+](=C1)C.[B-](F)(F)(F)F,0.0024
CCCCN1C=C[N+](=C1)C.[B-](F)(F)(F)F,0.0047
CCCCN1C=C[N+](=C1)C.[B-](F)(F)(F)F,0.0051
CCCCN1C=C[N+](=C1)C.[B-](F)(F)(F)F,0.0097
CCCCN1C=C[N+](=C1)C.[B-](F)(F)(F)F,0
CCCCN1C=C[N+](=C1)C.[B-](F)(F)(F)F,0.0006
CCCCN1C=C[N+](=C1)C.[B-](F)(F)(F)F,0.0017
CCCCN1C=C[N+](=C1)C.[B-](F)(F)(F)F,0.0089
CCCCN1C=C[N+](=C1)C.[B-](F)(F)(F)F,0.0197
CCCCN1C=C[N+](=C1)C.[B-](F)(F)(F)F,0.0506
CCCCN1C=C[N+](=C1)C.[B-](F)(F)(F)F,0.0831
CCCCN1C=C[N+](=C1)C.[B-](F)(F)(F)F,0.115
CCCCN1C=C[N+](=C1)C.[B-](F)(F)(F)F,0.144
CCCCN1C=C[N+](=C1)C.[B-](F)(F)(F)F,0.171
CCCCN1C=C[N+](=C1)C.[B-](F)(F)(F)F,0.196
CCCCN1C=C[N+](=C1)C.[B-](F)(F)(F)F,0.213
CCCCN1C=C[N+](=C1)C.[B-](F)(F)(F)F,0.228
CCCCN1C=C[N+](=C1)C.[B-](F)(F)(F)F,0.243
CCCCN1C=C[N+](=C1)C.[B-](F)(F)(F)F,0.243
CCCCN1C=C[N+](=C1)C.[B-](F)(F)(F)F,0.22
CCCCN1C=C[N+](=C1)C.[B-](F)(F)(F)F,0.19
CCCCN1C=C[N+](=C1)C.[B-](F)(F)(F)F,0.14
CCCCN1C=C[N+](=C1)C.[B-](F)(F)(F)F,0.117
CCCCN1C=C[N+](=C1)C.[B-](F)(F)(F)F,0
CCCCN1C=C[N+](=C1)C.[B-](F)(F)(F)F,0.0005
CCCCN1C=C[N+](=C1)C.[B-](F)(F)(F)F,0.0004
CCCCN1C=C[N+](=C1)C.[B-](F)(F)(F)F,0.0012
CCCCN1C=C[N+](=C1)C.[B-](F)(F)(F)F,0.0077
CCCCN1C=C[N+](=C1)C.[B-](F)(F)(F)F,0.0161
CCCCN1C=C[N+](=C1)C.[B-](F)(F)(F)F,0.0405
CCCCN1C=C[N+](=C1)C.[B-](F)(F)(F)F,0.0649
CCCCN1C=C[N+](=C1)C.[B-](F)(F)(F)F,0.0877
CCCCN1C=C[N+](=C1)C.[B-](F)(F)(F)F,0.11
CCCCN1C=C[N+](=C1)C.[B-](F)(F)(F)F,0.13
CCCCN1C=C[N+](=C1)C.[B-](F)(F)(F)F,0.149
CCCCN1C=C[N+](=C1)C.[B-](F)(F)(F)F,0.161
CCCCN1C=C[N+](=C1)C.[B-](F)(F)(F)F,0.173
CCCCN1C=C[N+](=C1)C.[B-](F)(F)(F)F,0.185
CCCCN1C=C[N+](=C1)C.[B-](F)(F)(F)F,0.185
CCCCN1C=C[N+](=C1)C.[B-](F)(F)(F)F,0.164
CCCCN1C=C[N+](=C1)C.[B-](F)(F)(F)F,0.139
CCCCN1C=C[N+](=C1)C.[B-](F)(F)(F)F,0
CCCCN1C=C[N+](=C1)C.[B-](F)(F)(F)F,0.0002
CCCCN1C=C[N+](=C1)C.[B-](F)(F)(F)F,0.001
CCCCN1C=C[N+](=C1)C.[B-](F)(F)(F)F,0.0057
CCCCN1C=C[N+](=C1)C.[B-](F)(F)(F)F,0.0134
CCCCN1C=C[N+](=C1)C.[B-](F)(F)(F)F,0.035
CCCCN1C=C[N+](=C1)C.[B-](F)(F)(F)F,0.0588
CCCCN1C=C[N+](=C1)C.[B-](F)(F)(F)F,0.0818
CCCCN1C=C[N+](=C1)C.[B-](F)(F)(F)F,0.104
CCCCN1C=C[N+](=C1)C.[B-](F)(F)(F)F,0.125
CCCCN1C=C[N+](=C1)C.[B-](F)(F)(F)F,0.145
CCCCN1C=C[N+](=C1)C.[B-](F)(F)(F)F,0.158
CCCCN1C=C[N+](=C1)C.[B-](F)(F)(F)F,0.17
CCCCN1C=C[N+](=C1)C.[B-](F)(F)(F)F,0.182
CCCCN1C=C[N+](=C1)C.[B-](F)(F)(F)F,0.182
CCCCN1C=C[N+](=C1)C.[B-](F)(F)(F)F,0.167
CCCCN1C=C[N+](=C1)C.[B-](F)(F)(F)F,0.108
CCCCN1C=C[N+](=C1)C.[B-](F)(F)(F)F,0
CCCCN1C=C[N+](=C1)C.[B-](F)(F)(F)F,0.0002
CCCCN1C=C[N+](=C1)C.[B-](F)(F)(F)F,0.0007
CCCCN1C=C[N+](=C1)C.[B-](F)(F)(F)F,0.0013
CCCCN1C=C[N+](=C1)C.[B-](F)(F)(F)F,0.0059
CCCCN1C=C[N+](=C1)C.[B-](F)(F)(F)F,0.0117
CCCCN1C=C[N+](=C1)C.[B-](F)(F)(F)F,0.0261
CCCCN1C=C[N+](=C1)C.[B-](F)(F)(F)F,0.0443
CCCCN1C=C[N+](=C1)C.[B-](F)(F)(F)F,0.0577
CCCCN1C=C[N+](=C1)C.[B-](F)(F)(F)F,0.0738
CCCCN1C=C[N+](=C1)C.[B-](F)(F)(F)F,0.0847
CCCCN1C=C[N+](=C1)C.[B-](F)(F)(F)F,0.101
CCCCN1C=C[N+](=C1)C.[B-](F)(F)(F)F,0.107
CCCCN1C=C[N+](=C1)C.[B-](F)(F)(F)F,0.116
CCCCN1C=C[N+](=C1)C.[B-](F)(F)(F)F,0.125
CCCCN1C=C[N+](=C1)C.[B-](F)(F)(F)F,0.125
CCCCN1C=C[N+](=C1)C.[B-](F)(F)(F)F,0.105
CCCCN1C=C[N+](=C1)C.[B-](F)(F)(F)F,0.0901
CCCCN1C=C[N+](=C1)C.[B-](F)(F)(F)F,0.0627
CCCCN1C=C[N+](=C1)C.[B-](F)(F)(F)F,0
CCCCN1C=C[N+](=C1)C.[B-](F)(F)(F)F,0.0003
CCCCN1C=C[N+](=C1)C.[B-](F)(F)(F)F,0.0008
CCCCN1C=C[N+](=C1)C.[B-](F)(F)(F)F,0.005
CCCCN1C=C[N+](=C1)C.[B-](F)(F)(F)F,0.0104
CCCCN1C=C[N+](=C1)C.[B-](F)(F)(F)F,0.0256
CCCCN1C=C[N+](=C1)C.[B-](F)(F)(F)F,0.041
CCCCN1C=C[N+](=C1)C.[B-](F)(F)(F)F,0.0573
CCCCN1C=C[N+](=C1)C.[B-](F)(F)(F)F,0.0722
CCCCN1C=C[N+](=C1)C.[B-](F)(F)(F)F,0.0867
CCCCN1C=C[N+](=C1)C.[B-](F)(F)(F)F,0.0992
CCCCN1C=C[N+](=C1)C.[B-](F)(F)(F)F,0.108
CCCCN1C=C[N+](=C1)C.[B-](F)(F)(F)F,0.117
CCCCN1C=C[N+](=C1)C.[B-](F)(F)(F)F,0.123
CCCCN1C=C[N+](=C1)C.[B-](F)(F)(F)F,0.123
CCCCN1C=C[N+](=C1)C.[B-](F)(F)(F)F,0.11
CCCCN1C=C[N+](=C1)C.[B-](F)(F)(F)F,0.0664
CCCCN1C=C[N+](=C1)C.[B-](F)(F)(F)F,0.1022
CCCCN1C=C[N+](=C1)C.[B-](F)(F)(F)F,0.1022
CCCCN1C=C[N+](=C1)C.[B-](F)(F)(F)F,0.1022
CCCCN1C=C[N+](=C1)C.[B-](F)(F)(F)F,0.1022
CCCCN1C=C[N+](=C1)C.[B-](F)(F)(F)F,0.1022
CCCCN1C=C[N+](=C1)C.[B-](F)(F)(F)F,0.1022
CCCCN1C=C[N+](=C1)C.[B-](F)(F)(F)F,0.1022
CCCCN1C=C[N+](=C1)C.[B-](F)(F)(F)F,0.1022
CCCCN1C=C[N+](=C1)C.[B-](F)(F)(F)F,0.1022
CCCCN1C=C[N+](=C1)C.[B-](F)(F)(F)F,0.1022
CCCCN1C=C[N+](=C1)C.[B-](F)(F)(F)F,0.1022
CCCCN1C=C[N+](=C1)C.[B-](F)(F)(F)F,0.1022
CCCCN1C=C[N+](=C1)C.[B-](F)(F)(F)F,0.1022
CCCCN1C=C[N+](=C1)C.[B-](F)(F)(F)F,0.1022
CCCCN1C=C[N+](=C1)C.[B-](F)(F)(F)F,0.1022
CCCCN1C=C[N+](=C1)C.[B-](F)(F)(F)F,0.1022
CCCCN1C=C[N+](=C1)C.[B-](F)(F)(F)F,0.1998
CCCCN1C=C[N+](=C1)C.[B-](F)(F)(F)F,0.1998
CCCCN1C=C[N+](=C1)C.[B-](F)(F)(F)F,0.1998
CCCCN1C=C[N+](=C1)C.[B-](F)(F)(F)F,0.1998
CCCCN1C=C[N+](=C1)C.[B-](F)(F)(F)F,0.1998
CCCCN1C=C[N+](=C1)C.[B-](F)(F)(F)F,0.1998
CCCCN1C=C[N+](=C1)C.[B-](F)(F)(F)F,0.1998
CCCCN1C=C[N+](=C1)C.[B-](F)(F)(F)F,0.1998
CCCCN1C=C[N+](=C1)C.[B-](F)(F)(F)F,0.1998
CCCCN1C=C[N+](=C1)C.[B-](F)(F)(F)F,0.1998
CCCCN1C=C[N+](=C1)C.[B-](F)(F)(F)F,0.1998
CCCCN1C=C[N+](=C1)C.[B-](F)(F)(F)F,0.1998
CCCCN1C=C[N+](=C1)C.[B-](F)(F)(F)F,0.1998
CCCCN1C=C[N+](=C1)C.[B-](F)(F)(F)F,0.1998
CCCCN1C=C[N+](=C1)C.[B-](F)(F)(F)F,0.1998
CCCCN1C=C[N+](=C1)C.[B-](F)(F)(F)F,0.1998
CCCCN1C=C[N+](=C1)C.[B-](F)(F)(F)F,0.3035
CCCCN1C=C[N+](=C1)C.[B-](F)(F)(F)F,0.3035
CCCCN1C=C[N+](=C1)C.[B-](F)(F)(F)F,0.3035
CCCCN1C=C[N+](=C1)C.[B-](F)(F)(F)F,0.3035
CCCCN1C=C[N+](=C1)C.[B-](F)(F)(F)F,0.3035
CCCCN1C=C[N+](=C1)C.[B-](F)(F)(F)F,0.3035
CCCCN1C=C[N+](=C1)C.[B-](F)(F)(F)F,0.3035
CCCCN1C=C[N+](=C1)C.[B-](F)(F)(F)F,0.3035
CCCCN1C=C[N+](=C1)C.[B-](F)(F)(F)F,0.3035
CCCCN1C=C[N+](=C1)C.[B-](F)(F)(F)F,0.3035
CCCCN1C=C[N+](=C1)C.[B-](F)(F)(F)F,0.3035
CCCCN1C=C[N+](=C1)C.[B-](F)(F)(F)F,0.3035
CCCCN1C=C[N+](=C1)C.[B-](F)(F)(F)F,0.3035
CCCCN1C=C[N+](=C1)C.[B-](F)(F)(F)F,0.3035
CCCCN1C=C[N+](=C1)C.[B-](F)(F)(F)F,0.3035
CCCCN1C=C[N+](=C1)C.[B-](F)(F)(F)F,0.3035
CCCCN1C=C[N+](=C1)C.[B-](F)(F)(F)F,0.3035
CCCCN1C=C[N+](=C1)C.[B-](F)(F)(F)F,0.3035
CCCCN1C=C[N+](=C1)C.[B-](F)(F)(F)F,0.3035
CCCCN1C=C[N+](=C1)C.[B-](F)(F)(F)F,0.4005
CCCCN1C=C[N+](=C1)C.[B-](F)(F)(F)F,0.4005
CCCCN1C=C[N+](=C1)C.[B-](F)(F)(F)F,0.4005
CCCCN1C=C[N+](=C1)C.[B-](F)(F)(F)F,0.4005
CCCCN1C=C[N+](=C1)C.[B-](F)(F)(F)F,0.4005
CCCCN1C=C[N+](=C1)C.[B-](F)(F)(F)F,0.4005
CCCCN1C=C[N+](=C1)C.[B-](F)(F)(F)F,0.4005
CCCCN1C=C[N+](=C1)C.[B-](F)(F)(F)F,0.4005
CCCCN1C=C[N+](=C1)C.[B-](F)(F)(F)F,0.4005
CCCCN1C=C[N+](=C1)C.[B-](F)(F)(F)F,0.4005
CCCCN1C=C[N+](=C1)C.[B-](F)(F)(F)F,0.4005
CCCCN1C=C[N+](=C1)C.[B-](F)(F)(F)F,0.4005
CCCCN1C=C[N+](=C1)C.[B-](F)(F)(F)F,0.4005
CCCCN1C=C[N+](=C1)C.[B-](F)(F)(F)F,0.4005
CCCCN1C=C[N+](=C1)C.[B-](F)(F)(F)F,0.4005
CCCCN1C=C[N+](=C1)C.[B-](F)(F)(F)F,0.4005
CCCCN1C=C[N+](=C1)C.[B-](F)(F)(F)F,0.4005
CCCCN1C=C[N+](=C1)C.[B-](F)(F)(F)F,0.4005
CCCCN1C=C[N+](=C1)C.[B-](F)(F)(F)F,0.4005
CCCCN1C=C[N+](=C1)C.[B-](F)(F)(F)F,0.4825
CCCCN1C=C[N+](=C1)C.[B-](F)(F)(F)F,0.4825
CCCCN1C=C[N+](=C1)C.[B-](F)(F)(F)F,0.4825
CCCCN1C=C[N+](=C1)C.[B-](F)(F)(F)F,0.4825
CCCCN1C=C[N+](=C1)C.[B-](F)(F)(F)F,0.4825
CCCCN1C=C[N+](=C1)C.[B-](F)(F)(F)F,0.4825
CCCCN1C=C[N+](=C1)C.[B-](F)(F)(F)F,0.4825
CCCCN1C=C[N+](=C1)C.[B-](F)(F)(F)F,0.4825
CCCCN1C=C[N+](=C1)C.[B-](F)(F)(F)F,0.4825
CCCCN1C=C[N+](=C1)C.[B-](F)(F)(F)F,0.4825
CCCCN1C=C[N+](=C1)C.[B-](F)(F)(F)F,0.4825
CCCCN1C=C[N+](=C1)C.[B-](F)(F)(F)F,0.4825
CCCCN1C=C[N+](=C1)C.[B-](F)(F)(F)F,0.4825
CCCCN1C=C[N+](=C1)C.[B-](F)(F)(F)F,0.5507
CCCCN1C=C[N+](=C1)C.[B-](F)(F)(F)F,0.5507
CCCCN1C=C[N+](=C1)C.[B-](F)(F)(F)F,0.5507
CCCCN1C=C[N+](=C1)C.[B-](F)(F)(F)F,0.5507
CCCCN1C=C[N+](=C1)C.[B-](F)(F)(F)F,0.5507
CCCCN1C=C[N+](=C1)C.[B-](F)(F)(F)F,0.5507
CCCCN1C=C[N+](=C1)C.[B-](F)(F)(F)F,0.5507
CCCCN1C=C[N+](=C1)C.[B-](F)(F)(F)F,0.5507
CCCCN1C=C[N+](=C1)C.[B-](F)(F)(F)F,0.5507
CCCCN1C=C[N+](=C1)C.[B-](F)(F)(F)F,0.5507
CCCCN1C=C[N+](=C1)C.[B-](F)(F)(F)F,0.6017
CCCCN1C=C[N+](=C1)C.[B-](F)(F)(F)F,0.6017
CCCCN1C=C[N+](=C1)C.[B-](F)(F)(F)F,0.6017
CCCCN1C=C[N+](=C1)C.[B-](F)(F)(F)F,0.6017
CCCCN1C=C[N+](=C1)C.[B-](F)(F)(F)F,0.6017
CCCCN1C=C[N+](=C1)C.[B-](F)(F)(F)F,0.6017
CCCCN1C=C[N+](=C1)C.[B-](F)(F)(F)F,0.6017
CCCCN1C=C[N+](=C1)C.[B-](F)(F)(F)F,0.6017
CCCCN1C=C[N+](=C1)C.[B-](F)(F)(F)F,0.6017
CCCCN1C=C[N+](=C1)C.[B-](F)(F)(F)F,0.6017
CCCCN1C=C[N+](=C1)C.[B-](F)(F)(F)F,0.6017
CCCCN1C=C[N+](=C1)C.[B-](F)(F)(F)F,0.002
CCCCN1C=C[N+](=C1)C.[B-](F)(F)(F)F,0.013
CCCCN1C=C[N+](=C1)C.[B-](F)(F)(F)F,0.026
CCCCN1C=C[N+](=C1)C.[B-](F)(F)(F)F,0.096
CCCCN1C=C[N+](=C1)C.[B-](F)(F)(F)F,0.216
CCCCN1C=C[N+](=C1)C.[B-](F)(F)(F)F,0.265
CCCCN1C=C[N+](=C1)C.[B-](F)(F)(F)F,0.364
CCCCN1C=C[N+](=C1)C.[B-](F)(F)(F)F,0.295
CCCCN1C=C[N+](=C1)C.[B-](F)(F)(F)F,0.159
CCCCN1C=C[N+](=C1)C.[B-](F)(F)(F)F,0.002
CCCCN1C=C[N+](=C1)C.[B-](F)(F)(F)F,0.158
CCCCN1C=C[N+](=C1)C.[B-](F)(F)(F)F,0.221
CCCCN1C=C[N+](=C1)C.[B-](F)(F)(F)F,0.019
CCCCN1C=C[N+](=C1)C.[B-](F)(F)(F)F,0.277
CCCCN1C=C[N+](=C1)C.[B-](F)(F)(F)F,0.01
CCCCN1C=C[N+](=C1)C.[B-](F)(F)(F)F,0.069
CCCCN1C=C[N+](=C1)C.[B-](F)(F)(F)F,0.116
CCCCN1C=C[N+](=C1)C.[B-](F)(F)(F)F,0.197
CCCCN1C=C[N+](=C1)C.[B-](F)(F)(F)F,0.006
CCCCN1C=C[N+](=C1)C.[B-](F)(F)(F)F,0.012
CCCCN1C=C[N+](=C1)C.[B-](F)(F)(F)F,0.044
CCCCN1C=C[N+](=C1)C.[B-](F)(F)(F)F,0.073
CCCCN1C=C[N+](=C1)C.[B-](F)(F)(F)F,0.1
CCCCN1C=C[N+](=C1)C.[B-](F)(F)(F)F,0.127
CCCCN1C=C[N+](=C1)C.[B-](F)(F)(F)F,0.143
CCCCN1C=C[N+](=C1)C.[B-](F)(F)(F)F,0.182
CCCCN1C=C[N+](=C1)C.[B-](F)(F)(F)F,0.003
CCCCN1C=C[N+](=C1)C.[B-](F)(F)(F)F,0.071
CCCCN1C=C[N+](=C1)C.[B-](F)(F)(F)F,0.007
CCCCN1C=C[N+](=C1)C.[B-](F)(F)(F)F,0.03
CCCCN1C=C[N+](=C1)C.[B-](F)(F)(F)F,0.133
CCCCN1C=C[N+](=C1)C.[B-](F)(F)(F)F,0.002
CCCCN1C=C[N+](=C1)C.[B-](F)(F)(F)F,0.003
CCCCN1C=C[N+](=C1)C.[B-](F)(F)(F)F,0.051
CCCCN1C=C[N+](=C1)C.[B-](F)(F)(F)F,0.089
CCCCN1C=C[N+](=C1)C.[B-](F)(F)(F)F,0.103
CCCCN1C=C[N+](=C1)C.[B-](F)(F)(F)F,0.0159
CCCCN1C=C[N+](=C1)C.[B-](F)(F)(F)F,0.0079
CCCCN1C=C[N+](=C1)C.[B-](F)(F)(F)F,0.016
CCCCN1C=C[N+](=C1)C.[B-](F)(F)(F)F,0.0162
CCCCN1C=C[N+](=C1)C.[B-](F)(F)(F)F,0.0133
CCCCN1C=C[N+](=C1)C.[B-](F)(F)(F)F,0.011
CCCCN1C=C[N+](=C1)C.[B-](F)(F)(F)F,0.0113
CCCCN1C=C[N+](=C1)C.[B-](F)(F)(F)F,0.011
CCCCN1C=C[N+](=C1)C.[B-](F)(F)(F)F,0.0095
CCCCN1C=C[N+](=C1)C.[B-](F)(F)(F)F,0.0082
CCCCN1C=C[N+](=C1)C.[B-](F)(F)(F)F,0.0081
CCCCN1C=C[N+](=C1)C.[B-](F)(F)(F)F,0.1896
CCCCN1C=C[N+](=C1)C.[B-](F)(F)(F)F,0.2732
CCCCN1C=C[N+](=C1)C.[B-](F)(F)(F)F,0.3178
CCCCN1C=C[N+](=C1)C.[B-](F)(F)(F)F,0.3516
CCCCN1C=C[N+](=C1)C.[B-](F)(F)(F)F,0.3764
CCCCN1C=C[N+](=C1)C.[B-](F)(F)(F)F,0.4182
CCCCN1C=C[N+](=C1)C.[B-](F)(F)(F)F,0.4451
CCCCN1C=C[N+](=C1)C.[B-](F)(F)(F)F,0.4738
CCCCN1C=C[N+](=C1)C.[B-](F)(F)(F)F,0.4915
CCCCN1C=C[N+](=C1)C.[B-](F)(F)(F)F,0.5139
CCCCN1C=C[N+](=C1)C.[B-](F)(F)(F)F,0.1798
CCCCN1C=C[N+](=C1)C.[B-](F)(F)(F)F,0.2621
CCCCN1C=C[N+](=C1)C.[B-](F)(F)(F)F,0.3115
CCCCN1C=C[N+](=C1)C.[B-](F)(F)(F)F,0.341
CCCCN1C=C[N+](=C1)C.[B-](F)(F)(F)F,0.3642
CCCCN1C=C[N+](=C1)C.[B-](F)(F)(F)F,0.4081
CCCCN1C=C[N+](=C1)C.[B-](F)(F)(F)F,0.4328
CCCCN1C=C[N+](=C1)C.[B-](F)(F)(F)F,0.4624
CCCCN1C=C[N+](=C1)C.[B-](F)(F)(F)F,0.4773
CCCCN1C=C[N+](=C1)C.[B-](F)(F)(F)F,0.4973
CCCCN1C=C[N+](=C1)C.[B-](F)(F)(F)F,0.1764
CCCCN1C=C[N+](=C1)C.[B-](F)(F)(F)F,0.2478
CCCCN1C=C[N+](=C1)C.[B-](F)(F)(F)F,0.3013
CCCCN1C=C[N+](=C1)C.[B-](F)(F)(F)F,0.3277
CCCCN1C=C[N+](=C1)C.[B-](F)(F)(F)F,0.3516
CCCCN1C=C[N+](=C1)C.[B-](F)(F)(F)F,0.3947
CCCCN1C=C[N+](=C1)C.[B-](F)(F)(F)F,0.4172
CCCCN1C=C[N+](=C1)C.[B-](F)(F)(F)F,0.446
CCCCN1C=C[N+](=C1)C.[B-](F)(F)(F)F,0.4588
CCCCN1C=C[N+](=C1)C.[B-](F)(F)(F)F,0.4866
CCCCN1C=C[N+](=C1)C.[B-](F)(F)(F)F,0.1714
CCCCN1C=C[N+](=C1)C.[B-](F)(F)(F)F,0.2391
CCCCN1C=C[N+](=C1)C.[B-](F)(F)(F)F,0.2841
CCCCN1C=C[N+](=C1)C.[B-](F)(F)(F)F,0.3077
CCCCN1C=C[N+](=C1)C.[B-](F)(F)(F)F,0.3277
CCCCN1C=C[N+](=C1)C.[B-](F)(F)(F)F,0.384
CCCCN1C=C[N+](=C1)C.[B-](F)(F)(F)F,0.402
CCCCN1C=C[N+](=C1)C.[B-](F)(F)(F)F,0.4357
CCCCN1C=C[N+](=C1)C.[B-](F)(F)(F)F,0.446
CCCCN1C=C[N+](=C1)C.[B-](F)(F)(F)F,0.4712
CCCCN1C=C[N+](=C1)C.[B-](F)(F)(F)F,0.001
CCCCN1C=C[N+](=C1)C.[B-](F)(F)(F)F,0.01
CCCCN1C=C[N+](=C1)C.[B-](F)(F)(F)F,0.019
CCCCN1C=C[N+](=C1)C.[B-](F)(F)(F)F,0.069
CCCCN1C=C[N+](=C1)C.[B-](F)(F)(F)F,0.115
CCCCN1C=C[N+](=C1)C.[B-](F)(F)(F)F,0.158
CCCCN1C=C[N+](=C1)C.[B-](F)(F)(F)F,0.197
CCCCN1C=C[N+](=C1)C.[B-](F)(F)(F)F,0.221
CCCCN1C=C[N+](=C1)C.[B-](F)(F)(F)F,0.277
CCCCN1C=C[N+](=C1)C.[B-](F)(F)(F)F,0.141
CCCCN1C=C[N+](=C1)C.[B-](F)(F)(F)F,0.141
CCCCN1C=C[N+](=C1)C.[B-](F)(F)(F)F,0.141
CCCCN1C=C[N+](=C1)C.[B-](F)(F)(F)F,0.141
CCCCN1C=C[N+](=C1)C.[B-](F)(F)(F)F,0.141
CCCCN1C=C[N+](=C1)C.[B-](F)(F)(F)F,0.141
CCCCN1C=C[N+](=C1)C.[B-](F)(F)(F)F,0.141
CCCCN1C=C[N+](=C1)C.[B-](F)(F)(F)F,0.141
CCCCN1C=C[N+](=C1)C.[B-](F)(F)(F)F,0.141
CCCCN1C=C[N+](=C1)C.[B-](F)(F)(F)F,0.141
CCCCN1C=C[N+](=C1)C.[B-](F)(F)(F)F,0.266
CCCCN1C=C[N+](=C1)C.[B-](F)(F)(F)F,0.266
CCCCN1C=C[N+](=C1)C.[B-](F)(F)(F)F,0.266
CCCCN1C=C[N+](=C1)C.[B-](F)(F)(F)F,0.266
CCCCN1C=C[N+](=C1)C.[B-](F)(F)(F)F,0.266
CCCCN1C=C[N+](=C1)C.[B-](F)(F)(F)F,0.266
CCCCN1C=C[N+](=C1)C.[B-](F)(F)(F)F,0.266
CCCCN1C=C[N+](=C1)C.[B-](F)(F)(F)F,0.266
CCCCN1C=C[N+](=C1)C.[B-](F)(F)(F)F,0.266
CCCCN1C=C[N+](=C1)C.[B-](F)(F)(F)F,0.266
CCCCN1C=C[N+](=C1)C.[B-](F)(F)(F)F,0.35
CCCCN1C=C[N+](=C1)C.[B-](F)(F)(F)F,0.35
CCCCN1C=C[N+](=C1)C.[B-](F)(F)(F)F,0.35
CCCCN1C=C[N+](=C1)C.[B-](F)(F)(F)F,0.35
CCCCN1C=C[N+](=C1)C.[B-](F)(F)(F)F,0.35
CCCCN1C=C[N+](=C1)C.[B-](F)(F)(F)F,0.35
CCCCN1C=C[N+](=C1)C.[B-](F)(F)(F)F,0.35
CCCCN1C=C[N+](=C1)C.[B-](F)(F)(F)F,0.35
CCCCN1C=C[N+](=C1)C.[B-](F)(F)(F)F,0.35
CCCCN1C=C[N+](=C1)C.[B-](F)(F)(F)F,0.35
CCCCN1C=C[N+](=C1)C.[B-](F)(F)(F)F,0.458
CCCCN1C=C[N+](=C1)C.[B-](F)(F)(F)F,0.458
CCCCN1C=C[N+](=C1)C.[B-](F)(F)(F)F,0.458
CCCCN1C=C[N+](=C1)C.[B-](F)(F)(F)F,0.458
CCCCN1C=C[N+](=C1)C.[B-](F)(F)(F)F,0.458
CCCCN1C=C[N+](=C1)C.[B-](F)(F)(F)F,0.458
CCCCN1C=C[N+](=C1)C.[B-](F)(F)(F)F,0.458
CCCCN1C=C[N+](=C1)C.[B-](F)(F)(F)F,0.458
CCCCN1C=C[N+](=C1)C.[B-](F)(F)(F)F,0.458
CCCCN1C=C[N+](=C1)C.[B-](F)(F)(F)F,0.458
CCCCN1C=C[N+](=C1)C.[B-](F)(F)(F)F,0.5
CCCCN1C=C[N+](=C1)C.[B-](F)(F)(F)F,0.5
CCCCN1C=C[N+](=C1)C.[B-](F)(F)(F)F,0.5
CCCCN1C=C[N+](=C1)C.[B-](F)(F)(F)F,0.5
CCCCN1C=C[N+](=C1)C.[B-](F)(F)(F)F,0.5
CCCCN1C=C[N+](=C1)C.[B-](F)(F)(F)F,0.5
CCCCN1C=C[N+](=C1)C.[B-](F)(F)(F)F,0.5
CCCCN1C=C[N+](=C1)C.[B-](F)(F)(F)F,0.5
CCCCN1C=C[N+](=C1)C.[B-](F)(F)(F)F,0.5
CCCCN1C=C[N+](=C1)C.[B-](F)(F)(F)F,0.5
CCCCN1C=C[N+](=C1)C.[B-](F)(F)(F)F,0.5
CCCCN1C=C[N+](=C1)C.[B-](F)(F)(F)F,0.61
CCCCN1C=C[N+](=C1)C.[B-](F)(F)(F)F,0.61
CCCCN1C=C[N+](=C1)C.[B-](F)(F)(F)F,0.61
CCCCN1C=C[N+](=C1)C.[B-](F)(F)(F)F,0.61
CCCCN1C=C[N+](=C1)C.[B-](F)(F)(F)F,0.61
CCCCN1C=C[N+](=C1)C.[B-](F)(F)(F)F,0.61
CCCCN1C=C[N+](=C1)C.[B-](F)(F)(F)F,0.61
CCCCN1C=C[N+](=C1)C.[B-](F)(F)(F)F,0.61
CCCCN1C=C[N+](=C1)C.[B-](F)(F)(F)F,0.1049
CCCCN1C=C[N+](=C1)C.[B-](F)(F)(F)F,0.1759
CCCCN1C=C[N+](=C1)C.[B-](F)(F)(F)F,0.27
CCCCN1C=C[N+](=C1)C.[B-](F)(F)(F)F,0.3618
CCCCN1C=C[N+](=C1)C.[B-](F)(F)(F)F,0.4278
CCCCN1C=C[N+](=C1)C.[B-](F)(F)(F)F,0.4928
CCCCN1C=C[N+](=C1)C.[B-](F)(F)(F)F,0.528
CCCCN1C=C[N+](=C1)C.[B-](F)(F)(F)F,0.1158
CCCCN1C=C[N+](=C1)C.[B-](F)(F)(F)F,0.2055
CCCCN1C=C[N+](=C1)C.[B-](F)(F)(F)F,0.2849
CCCCN1C=C[N+](=C1)C.[B-](F)(F)(F)F,0.337
CCCCN1C=C[N+](=C1)C.[B-](F)(F)(F)F,0.4106
CCCCN1C=C[N+](=C1)C.[B-](F)(F)(F)F,0.4402
CCCCN1C=C[N+](=C1)C.[B-](F)(F)(F)F,0.093
CCCCN1C=C[N+](=C1)C.[B-](F)(F)(F)F,0.1304
CCCCN1C=C[N+](=C1)C.[B-](F)(F)(F)F,0.2077
CCCCN1C=C[N+](=C1)C.[B-](F)(F)(F)F,0.2615
CCCCN1C=C[N+](=C1)C.[B-](F)(F)(F)F,0.3167
CCCCN1C=C[N+](=C1)C.[B-](F)(F)(F)F,0.36
CCCCN1C=C[N+](=C1)C.[B-](F)(F)(F)F,0.137
CCCCN1C=C[N+](=C1)C.[B-](F)(F)(F)F,0.264
CCCCN1C=C[N+](=C1)C.[B-](F)(F)(F)F,0.331
CCCCN1C=C[N+](=C1)C.[B-](F)(F)(F)F,0.393
CCCCN1C=C[N+](=C1)C.[B-](F)(F)(F)F,0.435
CCCCN1C=C[N+](=C1)C.[B-](F)(F)(F)F,0.477
CCCCN1C=C[N+](=C1)C.[B-](F)(F)(F)F,0.49
CCCCN1C=C[N+](=C1)C.[B-](F)(F)(F)F,0.082
CCCCN1C=C[N+](=C1)C.[B-](F)(F)(F)F,0.154
CCCCN1C=C[N+](=C1)C.[B-](F)(F)(F)F,0.197
CCCCN1C=C[N+](=C1)C.[B-](F)(F)(F)F,0.285
CCCCN1C=C[N+](=C1)C.[B-](F)(F)(F)F,0.325
CCCCN1C=C[N+](=C1)C.[B-](F)(F)(F)F,0.35
CCCCN1C=C[N+](=C1)C.[B-](F)(F)(F)F,0.38
CCCCN1C=C[N+](=C1)C.[B-](F)(F)(F)F,0.466
CCCCN1C=C[N+](=C1)C.[B-](F)(F)(F)F,0.072
CCCCN1C=C[N+](=C1)C.[B-](F)(F)(F)F,0.119
CCCCN1C=C[N+](=C1)C.[B-](F)(F)(F)F,0.169
CCCCN1C=C[N+](=C1)C.[B-](F)(F)(F)F,0.2
CCCCN1C=C[N+](=C1)C.[B-](F)(F)(F)F,0.244
CCCCN1C=C[N+](=C1)C.[B-](F)(F)(F)F,0.284
CCCCN1C=C[N+](=C1)C.[B-](F)(F)(F)F,0.324
CCCCN1C=C[N+](=C1)C.[B-](F)(F)(F)F,0.362
CCCCN1C=C[N+](=C1)C.[B-](F)(F)(F)F,0.0396
CCCCN1C=C[N+](=C1)C.[B-](F)(F)(F)F,0.113
CCCCN1C=C[N+](=C1)C.[B-](F)(F)(F)F,0.1798
CCCCN1C=C[N+](=C1)C.[B-](F)(F)(F)F,0.2276
CCCCN1C=C[N+](=C1)C.[B-](F)(F)(F)F,0.2803
CCCCN1C=C[N+](=C1)C.[B-](F)(F)(F)F,0.3075
CCCCN1C=C[N+](=C1)C.[B-](F)(F)(F)F,0.014
CCCCN1C=C[N+](=C1)C.[B-](F)(F)(F)F,0.0101
CCCCN1C=C[N+](=C1)C.[B-](F)(F)(F)F,0.0196
CCCCN1C=C[N+](=C1)C.[B-](F)(F)(F)F,0.0261
CCCCN1C=C[N+](=C1)C.[B-](F)(F)(F)F,0.012
CCCCN1C=C[N+](=C1)C.[B-](F)(F)(F)F,0.0227
CCCCN1C=C[N+](=C1)C.[B-](F)(F)(F)F,0.0208
CCCCN1C=C[N+](=C1)C.[B-](F)(F)(F)F,0.0102
CCCCN1C=C[N+](=C1)C.[B-](F)(F)(F)F,0.0043
CCCCN1C=C[N+](=C1)C.[B-](F)(F)(F)F,0.0152
CCCCN1C=C[N+](=C1)C.[B-](F)(F)(F)F,0.0094
CCCCN1C=C[N+](=C1)C.[B-](F)(F)(F)F,0.014
CCCCN1C=C[N+](=C1)C.[B-](F)(F)(F)F,0.0078
CCCCN1C=C[N+](=C1)C.[B-](F)(F)(F)F,0.0131
CCCCN1C=C[N+](=C1)C.[B-](F)(F)(F)F,0.004
CCCCN1C=C[N+](=C1)C.C(=O)(C(C(C(F)(F)F)(F)F)(F)F)[O-],0.0962
CCCCN1C=C[N+](=C1)C.C(=O)(C(C(C(F)(F)F)(F)F)(F)F)[O-],0.1909
CCCCN1C=C[N+](=C1)C.C(=O)(C(C(C(F)(F)F)(F)F)(F)F)[O-],0.3076
CCCCN1C=C[N+](=C1)C.C(=O)(C(C(C(F)(F)F)(F)F)(F)F)[O-],0.3935
CCCCN1C=C[N+](=C1)C.C(=O)(C(C(C(F)(F)F)(F)F)(F)F)[O-],0.4475
CCCCN1C=C[N+](=C1)C.C(=O)(C(C(C(F)(F)F)(F)F)(F)F)[O-],0.5116
CCCCN1C=C[N+](=C1)C.C(=O)(C(C(C(F)(F)F)(F)F)(F)F)[O-],0.5348
CCCCN1C=C[N+](=C1)C.C(=O)(C(C(C(F)(F)F)(F)F)(F)F)[O-],0.0886
CCCCN1C=C[N+](=C1)C.C(=O)(C(C(C(F)(F)F)(F)F)(F)F)[O-],0.173
CCCCN1C=C[N+](=C1)C.C(=O)(C(C(C(F)(F)F)(F)F)(F)F)[O-],0.2772
CCCCN1C=C[N+](=C1)C.C(=O)(C(C(C(F)(F)F)(F)F)(F)F)[O-],0.3608
CCCCN1C=C[N+](=C1)C.C(=O)(C(C(C(F)(F)F)(F)F)(F)F)[O-],0.4124
CCCCN1C=C[N+](=C1)C.C(=O)(C(C(C(F)(F)F)(F)F)(F)F)[O-],0.4453
CCCCN1C=C[N+](=C1)C.C(=O)(C(C(C(F)(F)F)(F)F)(F)F)[O-],0.4718
CCCCN1C=C[N+](=C1)C.C(=O)(C(C(C(F)(F)F)(F)F)(F)F)[O-],0.0805
CCCCN1C=C[N+](=C1)C.C(=O)(C(C(C(F)(F)F)(F)F)(F)F)[O-],0.1587
CCCCN1C=C[N+](=C1)C.C(=O)(C(C(C(F)(F)F)(F)F)(F)F)[O-],0.254
CCCCN1C=C[N+](=C1)C.C(=O)(C(C(C(F)(F)F)(F)F)(F)F)[O-],0.3235
CCCCN1C=C[N+](=C1)C.C(=O)(C(C(C(F)(F)F)(F)F)(F)F)[O-],0.377
CCCCN1C=C[N+](=C1)C.C(=O)(C(C(C(F)(F)F)(F)F)(F)F)[O-],0.4047
CCCCN1C=C[N+](=C1)C.C(=O)(C(C(C(F)(F)F)(F)F)(F)F)[O-],0.4245
CCCCN1C=C[N+](=C1)C.C(=O)(C(C(C(F)(F)F)(F)F)(F)F)[O-],0.0705
CCCCN1C=C[N+](=C1)C.C(=O)(C(C(C(F)(F)F)(F)F)(F)F)[O-],0.1427
CCCCN1C=C[N+](=C1)C.C(=O)(C(C(C(F)(F)F)(F)F)(F)F)[O-],0.2293
CCCCN1C=C[N+](=C1)C.C(=O)(C(C(C(F)(F)F)(F)F)(F)F)[O-],0.2901
CCCCN1C=C[N+](=C1)C.C(=O)(C(C(C(F)(F)F)(F)F)(F)F)[O-],0.3332
CCCCN1C=C[N+](=C1)C.C(=O)(C(C(C(F)(F)F)(F)F)(F)F)[O-],0.3624
CCCCN1C=C[N+](=C1)C.C(=O)(C(C(C(F)(F)F)(F)F)(F)F)[O-],0.3821
CCCCN1C=C[N+](=C1)C.C(=O)(C(C(C(C(C(C(C(F)(F)F)(F)F)(F)F)(F)F)(F)F)(F)F)(F)F)[O-],0.2
CCCCN1C=C[N+](=C1)C.C(=O)(C(C(C(C(C(C(C(F)(F)F)(F)F)(F)F)(F)F)(F)F)(F)F)(F)F)[O-],0.359
CCCCN1C=C[N+](=C1)C.C(=O)(C(C(C(C(C(C(C(F)(F)F)(F)F)(F)F)(F)F)(F)F)(F)F)(F)F)[O-],0.455
CCCCN1C=C[N+](=C1)C.C(=O)(C(C(C(C(C(C(C(F)(F)F)(F)F)(F)F)(F)F)(F)F)(F)F)(F)F)[O-],0.546
CCCCN1C=C[N+](=C1)C.C(=O)(C(C(C(C(C(C(C(F)(F)F)(F)F)(F)F)(F)F)(F)F)(F)F)(F)F)[O-],0.616
CCCCN1C=C[N+](=C1)C.C(=O)(C(C(C(C(C(C(C(F)(F)F)(F)F)(F)F)(F)F)(F)F)(F)F)(F)F)[O-],0.671
CCCCN1C=C[N+](=C1)C.C(=O)(C(C(C(C(C(C(C(F)(F)F)(F)F)(F)F)(F)F)(F)F)(F)F)(F)F)[O-],0.744
CCCCN1C=C[N+](=C1)C.[Cl-],0.1306
CCCCN1C=C[N+](=C1)C.[Cl-],0.1306
CCCCN1C=C[N+](=C1)C.[Cl-],0.1306
CCCCN1C=C[N+](=C1)C.[Cl-],0.1306
CCCCN1C=C[N+](=C1)C.[Cl-],0.1306
CCCCN1C=C[N+](=C1)C.[Cl-],0.1522
CCCCN1C=C[N+](=C1)C.[Cl-],0.1522
CCCCN1C=C[N+](=C1)C.[Cl-],0.1522
CCCCN1C=C[N+](=C1)C.[Cl-],0.1522
CCCCN1C=C[N+](=C1)C.[Cl-],0.1522
CCCCN1C=C[N+](=C1)C.[Cl-],0.1786
CCCCN1C=C[N+](=C1)C.[Cl-],0.1786
CCCCN1C=C[N+](=C1)C.[Cl-],0.1786
CCCCN1C=C[N+](=C1)C.[Cl-],0.1786
CCCCN1C=C[N+](=C1)C.[Cl-],0.1786
CCCCN1C=C[N+](=C1)C.[Cl-],0.2375
CCCCN1C=C[N+](=C1)C.[Cl-],0.2375
CCCCN1C=C[N+](=C1)C.[Cl-],0.2375
CCCCN1C=C[N+](=C1)C.[Cl-],0.2375
CCCCN1C=C[N+](=C1)C.[Cl-],0.2375
CCCCN1C=C[N+](=C1)C.[Cl-],0.2652
CCCCN1C=C[N+](=C1)C.[Cl-],0.2652
CCCCN1C=C[N+](=C1)C.[Cl-],0.2652
CCCCN1C=C[N+](=C1)C.[Cl-],0.2652
CCCCN1C=C[N+](=C1)C.[Cl-],0.2652
CCCCN1C=C[N+](=C1)C.[Cl-],0.3021
CCCCN1C=C[N+](=C1)C.[Cl-],0.3021
CCCCN1C=C[N+](=C1)C.[Cl-],0.3021
CCCCN1C=C[N+](=C1)C.[Cl-],0.3021
CCCCN1C=C[N+](=C1)C.[Cl-],0.3021
CCCCN1C=C[N+](=C1)C.[Cl-],0.343
CCCCN1C=C[N+](=C1)C.[Cl-],0.343
CCCCN1C=C[N+](=C1)C.[Cl-],0.343
CCCCN1C=C[N+](=C1)C.[Cl-],0.343
CCCCN1C=C[N+](=C1)C.[Cl-],0.343
CCCCN1C=C[N+](=C1)C.[Cl-],0.3777
CCCCN1C=C[N+](=C1)C.[Cl-],0.3777
CCCCN1C=C[N+](=C1)C.[Cl-],0.3777
CCCCN1C=C[N+](=C1)C.[Cl-],0.3777
CCCCN1C=C[N+](=C1)C.[Cl-],0.3777
CCCCN1C=C[N+](=C1)C.[Cl-],0.406
CCCCN1C=C[N+](=C1)C.[Cl-],0.406
CCCCN1C=C[N+](=C1)C.[Cl-],0.406
CCCCN1C=C[N+](=C1)C.[Cl-],0.406
CCCCN1C=C[N+](=C1)C.[Cl-],0.406
CCCCN1C=C[N+](=C1)C.CCCCOP(=O)([O-])OCCCC,0.0043
CCCCN1C=C[N+](=C1)C.CCCCOP(=O)([O-])OCCCC,0.0085
CCCCN1C=C[N+](=C1)C.CCCCOP(=O)([O-])OCCCC,0.0141
CCCCN1C=C[N+](=C1)C.CCCCOP(=O)([O-])OCCCC,0.0206
CCCCN1C=C[N+](=C1)C.CCCCOP(=O)([O-])OCCCC,0.0298
CCCCN1C=C[N+](=C1)C.CCCCOP(=O)([O-])OCCCC,0.0353
CCCCN1C=C[N+](=C1)C.CCCCOP(=O)([O-])OCCCC,0.0037
CCCCN1C=C[N+](=C1)C.CCCCOP(=O)([O-])OCCCC,0.0077
CCCCN1C=C[N+](=C1)C.CCCCOP(=O)([O-])OCCCC,0.0126
CCCCN1C=C[N+](=C1)C.CCCCOP(=O)([O-])OCCCC,0.0178
CCCCN1C=C[N+](=C1)C.CCCCOP(=O)([O-])OCCCC,0.0252
CCCCN1C=C[N+](=C1)C.CCCCOP(=O)([O-])OCCCC,0.0298
CCCCN1C=C[N+](=C1)C.CCCCOP(=O)([O-])OCCCC,0.0032
CCCCN1C=C[N+](=C1)C.CCCCOP(=O)([O-])OCCCC,0.0062
CCCCN1C=C[N+](=C1)C.CCCCOP(=O)([O-])OCCCC,0.0105
CCCCN1C=C[N+](=C1)C.CCCCOP(=O)([O-])OCCCC,0.015
CCCCN1C=C[N+](=C1)C.CCCCOP(=O)([O-])OCCCC,0.0197
CCCCN1C=C[N+](=C1)C.CCCCOP(=O)([O-])OCCCC,0.0247
CCCCN1C=C[N+](=C1)C.C(=[N-])=NC#N,0.1598
CCCCN1C=C[N+](=C1)C.C(=[N-])=NC#N,0.2886
CCCCN1C=C[N+](=C1)C.C(=[N-])=NC#N,0.3781
CCCCN1C=C[N+](=C1)C.C(=[N-])=NC#N,0.4365
CCCCN1C=C[N+](=C1)C.C(=[N-])=NC#N,0.5149
CCCCN1C=C[N+](=C1)C.C(=[N-])=NC#N,0.1582
CCCCN1C=C[N+](=C1)C.C(=[N-])=NC#N,0.2575
CCCCN1C=C[N+](=C1)C.C(=[N-])=NC#N,0.3532
CCCCN1C=C[N+](=C1)C.C(=[N-])=NC#N,0.4117
CCCCN1C=C[N+](=C1)C.C(=[N-])=NC#N,0.474
CCCCN1C=C[N+](=C1)C.C(=[N-])=NC#N,0.5207
CCCCN1C=C[N+](=C1)C.C(=[N-])=NC#N,0.5565
CCCCN1C=C[N+](=C1)C.C(=[N-])=NC#N,0.5636
CCCCN1C=C[N+](=C1)C.C(=[N-])=NC#N,0.1543
CCCCN1C=C[N+](=C1)C.C(=[N-])=NC#N,0.2181
CCCCN1C=C[N+](=C1)C.C(=[N-])=NC#N,0.2849
CCCCN1C=C[N+](=C1)C.C(=[N-])=NC#N,0.3466
CCCCN1C=C[N+](=C1)C.C(=[N-])=NC#N,0.3984
CCCCN1C=C[N+](=C1)C.C(=[N-])=NC#N,0.458
CCCCN1C=C[N+](=C1)C.C(=[N-])=NC#N,0.4976
CCCCN1C=C[N+](=C1)C.C(=[N-])=NC#N,0.5264
CCCCN1C=C[N+](=C1)C.C(=[N-])=NC#N,0.2
CCCCN1C=C[N+](=C1)C.C(=[N-])=NC#N,0.2
CCCCN1C=C[N+](=C1)C.C(=[N-])=NC#N,0.2
CCCCN1C=C[N+](=C1)C.C(=[N-])=NC#N,0.3
CCCCN1C=C[N+](=C1)C.C(=[N-])=NC#N,0.2
CCCCN1C=C[N+](=C1)C.C(=[N-])=NC#N,0.3
CCCCN1C=C[N+](=C1)C.C(=[N-])=NC#N,0.2
CCCCN1C=C[N+](=C1)C.C(=[N-])=NC#N,0.41
CCCCN1C=C[N+](=C1)C.C(=[N-])=NC#N,0.3
CCCCN1C=C[N+](=C1)C.C(=[N-])=NC#N,0.2
CCCCN1C=C[N+](=C1)C.C(=[N-])=NC#N,0.41
CCCCN1C=C[N+](=C1)C.C(=[N-])=NC#N,0.2
CCCCN1C=C[N+](=C1)C.C(=[N-])=NC#N,0.3
CCCCN1C=C[N+](=C1)C.C(=[N-])=NC#N,0.507
CCCCN1C=C[N+](=C1)C.C(=[N-])=NC#N,0.2
CCCCN1C=C[N+](=C1)C.C(=[N-])=NC#N,0.41
CCCCN1C=C[N+](=C1)C.C(=[N-])=NC#N,0.3
CCCCN1C=C[N+](=C1)C.C(=[N-])=NC#N,0.507
CCCCN1C=C[N+](=C1)C.C(=[N-])=NC#N,0.3
CCCCN1C=C[N+](=C1)C.C(=[N-])=NC#N,0.41
CCCCN1C=C[N+](=C1)C.C(=[N-])=NC#N,0.3
CCCCN1C=C[N+](=C1)C.C(=[N-])=NC#N,0.507
CCCCN1C=C[N+](=C1)C.C(=[N-])=NC#N,0.41
CCCCN1C=C[N+](=C1)C.C(=[N-])=NC#N,0.3
CCCCN1C=C[N+](=C1)C.C(=[N-])=NC#N,0.41
CCCCN1C=C[N+](=C1)C.C(=[N-])=NC#N,0.601
CCCCN1C=C[N+](=C1)C.C(=[N-])=NC#N,0.507
CCCCN1C=C[N+](=C1)C.C(=[N-])=NC#N,0.41
CCCCN1C=C[N+](=C1)C.C(=[N-])=NC#N,0.507
CCCCN1C=C[N+](=C1)C.C(=[N-])=NC#N,0.601
CCCCN1C=C[N+](=C1)C.C(=[N-])=NC#N,0.41
CCCCN1C=C[N+](=C1)C.C(=[N-])=NC#N,0.507
CCCCN1C=C[N+](=C1)C.C(=[N-])=NC#N,0.601
CCCCN1C=C[N+](=C1)C.C(=[N-])=NC#N,0.507
CCCCN1C=C[N+](=C1)C.C(=[N-])=NC#N,0.507
CCCCN1C=C[N+](=C1)C.C(=[N-])=NC#N,0.601
CCCCN1C=C[N+](=C1)C.C(=[N-])=NC#N,0.601
CCCCN1C=C[N+](=C1)C.C(=[N-])=NC#N,0.601
CCCCN1C=C[N+](=C1)C.C(=[N-])=NC#N,0.601
CCCCN1C=C[N+](=C1)C.C(=[N-])=NC#N,0.601
CCCCN1C=C[N+](=C1)C.C(C(F)(F)[P-](C(C(F)(F)F)(F)F)(C(C(F)(F)F)(F)F)(F)(F)F)(F)(F)F,0.0399
CCCCN1C=C[N+](=C1)C.C(C(F)(F)[P-](C(C(F)(F)F)(F)F)(C(C(F)(F)F)(F)F)(F)(F)F)(F)(F)F,0.0398
CCCCN1C=C[N+](=C1)C.C(C(F)(F)[P-](C(C(F)(F)F)(F)F)(C(C(F)(F)F)(F)F)(F)(F)F)(F)(F)F,0.0401
CCCCN1C=C[N+](=C1)C.C(C(F)(F)[P-](C(C(F)(F)F)(F)F)(C(C(F)(F)F)(F)F)(F)(F)F)(F)(F)F,0.034
CCCCN1C=C[N+](=C1)C.C(C(F)(F)[P-](C(C(F)(F)F)(F)F)(C(C(F)(F)F)(F)F)(F)(F)F)(F)(F)F,0.034
CCCCN1C=C[N+](=C1)C.C(C(F)(F)[P-](C(C(F)(F)F)(F)F)(C(C(F)(F)F)(F)F)(F)(F)F)(F)(F)F,0.0339
CCCCN1C=C[N+](=C1)C.C(C(F)(F)[P-](C(C(F)(F)F)(F)F)(C(C(F)(F)F)(F)F)(F)(F)F)(F)(F)F,0.0292
CCCCN1C=C[N+](=C1)C.C(C(F)(F)[P-](C(C(F)(F)F)(F)F)(C(C(F)(F)F)(F)F)(F)(F)F)(F)(F)F,0.0293
CCCCN1C=C[N+](=C1)C.C(C(F)(F)[P-](C(C(F)(F)F)(F)F)(C(C(F)(F)F)(F)F)(F)(F)F)(F)(F)F,0.0293
CCCCN1C=C[N+](=C1)C.C(C(F)(F)[P-](C(C(F)(F)F)(F)F)(C(C(F)(F)F)(F)F)(F)(F)F)(F)(F)F,0.0253
CCCCN1C=C[N+](=C1)C.C(C(F)(F)[P-](C(C(F)(F)F)(F)F)(C(C(F)(F)F)(F)F)(F)(F)F)(F)(F)F,0.0255
CCCCN1C=C[N+](=C1)C.C(C(F)(F)[P-](C(C(F)(F)F)(F)F)(C(C(F)(F)F)(F)F)(F)(F)F)(F)(F)F,0.0255
CCCCN1C=C[N+](=C1)C.C(C(F)(F)[P-](C(C(F)(F)F)(F)F)(C(C(F)(F)F)(F)F)(F)(F)F)(F)(F)F,0.0224
CCCCN1C=C[N+](=C1)C.C(C(F)(F)[P-](C(C(F)(F)F)(F)F)(C(C(F)(F)F)(F)F)(F)(F)F)(F)(F)F,0.0224
CCCCN1C=C[N+](=C1)C.C(C(F)(F)[P-](C(C(F)(F)F)(F)F)(C(C(F)(F)F)(F)F)(F)(F)F)(F)(F)F,0.0221
CCCCN1C=C[N+](=C1)C.CC(C)C(=O)O,0.123
CCCCN1C=C[N+](=C1)C.CC(C)C(=O)O,0.196
CCCCN1C=C[N+](=C1)C.CC(C)C(=O)O,0.218
CCCCN1C=C[N+](=C1)C.CC(C)C(=O)O,0.267
CCCCN1C=C[N+](=C1)C.CC(C)C(=O)O,0.299
CCCCN1C=C[N+](=C1)C.CC(C)C(=O)O,0.325
CCCCN1C=C[N+](=C1)C.CC(C)C(=O)O,0.349
CCCCN1C=C[N+](=C1)C.CC(C)C(=O)O,0.365
CCCCN1C=C[N+](=C1)C.CC(C)C(=O)O,0.403
CCCCN1C=C[N+](=C1)C.CC(=O)CCC(=O)[O-],0.118
CCCCN1C=C[N+](=C1)C.CC(=O)CCC(=O)[O-],0.212
CCCCN1C=C[N+](=C1)C.CC(=O)CCC(=O)[O-],0.245
CCCCN1C=C[N+](=C1)C.CC(=O)CCC(=O)[O-],0.311
CCCCN1C=C[N+](=C1)C.CC(=O)CCC(=O)[O-],0.349
CCCCN1C=C[N+](=C1)C.CC(=O)CCC(=O)[O-],0.38
CCCCN1C=C[N+](=C1)C.CC(=O)CCC(=O)[O-],0.407
CCCCN1C=C[N+](=C1)C.CC(=O)CCC(=O)[O-],0.427
CCCCN1C=C[N+](=C1)C.CC(=O)CCC(=O)[O-],0.46
CCCCN1C=C[N+](=C1)C.COCCOCCOS(=O)(=O)[O-],0.0962
CCCCN1C=C[N+](=C1)C.COCCOCCOS(=O)(=O)[O-],0.121
CCCCN1C=C[N+](=C1)C.COCCOCCOS(=O)(=O)[O-],0.206
CCCCN1C=C[N+](=C1)C.COCCOCCOS(=O)(=O)[O-],0.345
CCCCN1C=C[N+](=C1)C.COCCOCCOS(=O)(=O)[O-],0.46
CCCCN1C=C[N+](=C1)C.COCCOCCOS(=O)(=O)[O-],0.0932
CCCCN1C=C[N+](=C1)C.COCCOCCOS(=O)(=O)[O-],0.216
CCCCN1C=C[N+](=C1)C.COCCOCCOS(=O)(=O)[O-],0.308
CCCCN1C=C[N+](=C1)C.COCCOCCOS(=O)(=O)[O-],0.35
CCCCN1C=C[N+](=C1)C.COCCOCCOS(=O)(=O)[O-],0.406
CCCCN1C=C[N+](=C1)C.COCCOCCOS(=O)(=O)[O-],0.494
CCCCN1C=C[N+](=C1)C.COCCOCCOS(=O)(=O)[O-],0.2309
CCCCN1C=C[N+](=C1)C.COCCOCCOS(=O)(=O)[O-],0.2309
CCCCN1C=C[N+](=C1)C.COCCOCCOS(=O)(=O)[O-],0.2309
CCCCN1C=C[N+](=C1)C.COCCOCCOS(=O)(=O)[O-],0.2309
CCCCN1C=C[N+](=C1)C.COCCOCCOS(=O)(=O)[O-],0.2309
CCCCN1C=C[N+](=C1)C.COCCOCCOS(=O)(=O)[O-],0.2309
CCCCN1C=C[N+](=C1)C.COCCOCCOS(=O)(=O)[O-],0.253
CCCCN1C=C[N+](=C1)C.COCCOCCOS(=O)(=O)[O-],0.253
CCCCN1C=C[N+](=C1)C.COCCOCCOS(=O)(=O)[O-],0.253
CCCCN1C=C[N+](=C1)C.COCCOCCOS(=O)(=O)[O-],0.253
CCCCN1C=C[N+](=C1)C.COCCOCCOS(=O)(=O)[O-],0.253
CCCCN1C=C[N+](=C1)C.COCCOCCOS(=O)(=O)[O-],0.253
CCCCN1C=C[N+](=C1)C.COCCOCCOS(=O)(=O)[O-],0.3017
CCCCN1C=C[N+](=C1)C.COCCOCCOS(=O)(=O)[O-],0.3017
CCCCN1C=C[N+](=C1)C.COCCOCCOS(=O)(=O)[O-],0.3017
CCCCN1C=C[N+](=C1)C.COCCOCCOS(=O)(=O)[O-],0.3017
CCCCN1C=C[N+](=C1)C.COCCOCCOS(=O)(=O)[O-],0.3017
CCCCN1C=C[N+](=C1)C.COCCOCCOS(=O)(=O)[O-],0.3017
CCCCN1C=C[N+](=C1)C.COCCOCCOS(=O)(=O)[O-],0.4127
CCCCN1C=C[N+](=C1)C.COCCOCCOS(=O)(=O)[O-],0.4127
CCCCN1C=C[N+](=C1)C.COCCOCCOS(=O)(=O)[O-],0.4127
CCCCN1C=C[N+](=C1)C.COCCOCCOS(=O)(=O)[O-],0.4127
CCCCN1C=C[N+](=C1)C.COCCOCCOS(=O)(=O)[O-],0.4127
CCCCN1C=C[N+](=C1)C.COCCOCCOS(=O)(=O)[O-],0.4127
CCCCN1C=C[N+](=C1)C.COCCOCCOS(=O)(=O)[O-],0.4486
CCCCN1C=C[N+](=C1)C.COCCOCCOS(=O)(=O)[O-],0.4486
CCCCN1C=C[N+](=C1)C.COCCOCCOS(=O)(=O)[O-],0.4486
CCCCN1C=C[N+](=C1)C.COCCOCCOS(=O)(=O)[O-],0.4486
CCCCN1C=C[N+](=C1)C.COCCOCCOS(=O)(=O)[O-],0.4486
CCCCN1C=C[N+](=C1)C.COCCOCCOS(=O)(=O)[O-],0.4486
CCCCN1C=C[N+](=C1)C.COCCOCCOS(=O)(=O)[O-],0.4775
CCCCN1C=C[N+](=C1)C.COCCOCCOS(=O)(=O)[O-],0.4775
CCCCN1C=C[N+](=C1)C.COCCOCCOS(=O)(=O)[O-],0.4775
CCCCN1C=C[N+](=C1)C.COCCOCCOS(=O)(=O)[O-],0.4775
CCCCN1C=C[N+](=C1)C.COCCOCCOS(=O)(=O)[O-],0.4775
CCCCN1C=C[N+](=C1)C.COCCOCCOS(=O)(=O)[O-],0.4775
CCCCN1C=C[N+](=C1)C.COCCOCCOS(=O)(=O)[O-],0.5227
CCCCN1C=C[N+](=C1)C.COCCOCCOS(=O)(=O)[O-],0.5227
CCCCN1C=C[N+](=C1)C.COCCOCCOS(=O)(=O)[O-],0.5227
CCCCN1C=C[N+](=C1)C.COCCOCCOS(=O)(=O)[O-],0.5227
CCCCN1C=C[N+](=C1)C.COCCOCCOS(=O)(=O)[O-],0.5227
CCCCN1C=C[N+](=C1)C.COCCOCCOS(=O)(=O)[O-],0.5227
CCCCN1C=C[N+](=C1)C.COCCOCCOS(=O)(=O)[O-],0.5802
CCCCN1C=C[N+](=C1)C.COCCOCCOS(=O)(=O)[O-],0.5802
CCCCN1C=C[N+](=C1)C.COCCOCCOS(=O)(=O)[O-],0.5802
CCCCN1C=C[N+](=C1)C.COCCOCCOS(=O)(=O)[O-],0.5802
CCCCN1C=C[N+](=C1)C.COCCOCCOS(=O)(=O)[O-],0.5802
CCCCN1C=C[N+](=C1)C.COCCOCCOS(=O)(=O)[O-],0.5802
CCCCN1C=C[N+](=C1)C.COCCOCCOS(=O)(=O)[O-],0.6316
CCCCN1C=C[N+](=C1)C.COCCOCCOS(=O)(=O)[O-],0.6316
CCCCN1C=C[N+](=C1)C.COCCOCCOS(=O)(=O)[O-],0.6316
CCCCN1C=C[N+](=C1)C.COCCOCCOS(=O)(=O)[O-],0.6316
CCCCN1C=C[N+](=C1)C.COCCOCCOS(=O)(=O)[O-],0.6316
CCCCN1C=C[N+](=C1)C.COCCOCCOS(=O)(=O)[O-],0.642
CCCCN1C=C[N+](=C1)C.COCCOCCOS(=O)(=O)[O-],0.642
CCCCN1C=C[N+](=C1)C.COCCOCCOS(=O)(=O)[O-],0.642
CCCCN1C=C[N+](=C1)C.COCCOCCOS(=O)(=O)[O-],0.642
CCCCN1C=C[N+](=C1)C.COCCOCCOS(=O)(=O)[O-],0.642
CCCCN1C=C[N+](=C1)C.COCCOCCOS(=O)(=O)[O-],0.6556
CCCCN1C=C[N+](=C1)C.COCCOCCOS(=O)(=O)[O-],0.6556
CCCCN1C=C[N+](=C1)C.COCCOCCOS(=O)(=O)[O-],0.6556
CCCCN1C=C[N+](=C1)C.COCCOCCOS(=O)(=O)[O-],0.6556
CCCCN1C=C[N+](=C1)C.COCCOCCOS(=O)(=O)[O-],0.6638
CCCCN1C=C[N+](=C1)C.COCCOCCOS(=O)(=O)[O-],0.6638
CCCCN1C=C[N+](=C1)C.COCCOCCOS(=O)(=O)[O-],0.6835
CCCCN1C=C[N+](=C1)C.CS(=O)(=O)[O-],0.0517
CCCCN1C=C[N+](=C1)C.CS(=O)(=O)[O-],0.0517
CCCCN1C=C[N+](=C1)C.CS(=O)(=O)[O-],0.0517
CCCCN1C=C[N+](=C1)C.CS(=O)(=O)[O-],0.0517
CCCCN1C=C[N+](=C1)C.CS(=O)(=O)[O-],0.0517
CCCCN1C=C[N+](=C1)C.CS(=O)(=O)[O-],0.0904
CCCCN1C=C[N+](=C1)C.CS(=O)(=O)[O-],0.0904
CCCCN1C=C[N+](=C1)C.CS(=O)(=O)[O-],0.0904
CCCCN1C=C[N+](=C1)C.CS(=O)(=O)[O-],0.0904
CCCCN1C=C[N+](=C1)C.CS(=O)(=O)[O-],0.0904
CCCCN1C=C[N+](=C1)C.CS(=O)(=O)[O-],0.13
CCCCN1C=C[N+](=C1)C.CS(=O)(=O)[O-],0.13
CCCCN1C=C[N+](=C1)C.CS(=O)(=O)[O-],0.13
CCCCN1C=C[N+](=C1)C.CS(=O)(=O)[O-],0.13
CCCCN1C=C[N+](=C1)C.CS(=O)(=O)[O-],0.13
CCCCN1C=C[N+](=C1)C.CS(=O)(=O)[O-],0.1467
CCCCN1C=C[N+](=C1)C.CS(=O)(=O)[O-],0.1467
CCCCN1C=C[N+](=C1)C.CS(=O)(=O)[O-],0.1467
CCCCN1C=C[N+](=C1)C.CS(=O)(=O)[O-],0.1467
CCCCN1C=C[N+](=C1)C.CS(=O)(=O)[O-],0.1467
CCCCN1C=C[N+](=C1)C.CS(=O)(=O)[O-],0.1835
CCCCN1C=C[N+](=C1)C.CS(=O)(=O)[O-],0.1835
CCCCN1C=C[N+](=C1)C.CS(=O)(=O)[O-],0.1835
CCCCN1C=C[N+](=C1)C.CS(=O)(=O)[O-],0.1835
CCCCN1C=C[N+](=C1)C.CS(=O)(=O)[O-],0.1835
CCCCN1C=C[N+](=C1)C.CS(=O)(=O)[O-],0.2482
CCCCN1C=C[N+](=C1)C.CS(=O)(=O)[O-],0.2482
CCCCN1C=C[N+](=C1)C.CS(=O)(=O)[O-],0.2482
CCCCN1C=C[N+](=C1)C.CS(=O)(=O)[O-],0.2482
CCCCN1C=C[N+](=C1)C.CS(=O)(=O)[O-],0.2482
CCCCN1C=C[N+](=C1)C.CS(=O)(=O)[O-],0.2941
CCCCN1C=C[N+](=C1)C.CS(=O)(=O)[O-],0.2941
CCCCN1C=C[N+](=C1)C.CS(=O)(=O)[O-],0.2941
CCCCN1C=C[N+](=C1)C.CS(=O)(=O)[O-],0.2941
CCCCN1C=C[N+](=C1)C.CS(=O)(=O)[O-],0.2941
CCCCN1C=C[N+](=C1)C.CS(=O)(=O)[O-],0.3547
CCCCN1C=C[N+](=C1)C.CS(=O)(=O)[O-],0.3547
CCCCN1C=C[N+](=C1)C.CS(=O)(=O)[O-],0.3547
CCCCN1C=C[N+](=C1)C.CS(=O)(=O)[O-],0.3547
CCCCN1C=C[N+](=C1)C.CS(=O)(=O)[O-],0.3547
CCCCN1C=C[N+](=C1)C.CS(=O)(=O)[O-],0.3971
CCCCN1C=C[N+](=C1)C.CS(=O)(=O)[O-],0.3971
CCCCN1C=C[N+](=C1)C.CS(=O)(=O)[O-],0.3971
CCCCN1C=C[N+](=C1)C.CS(=O)(=O)[O-],0.3971
CCCCN1C=C[N+](=C1)C.CS(=O)(=O)[O-],0.3971
CCCCN1C=C[N+](=C1)C.CS(=O)(=O)[O-],0.4576
CCCCN1C=C[N+](=C1)C.CS(=O)(=O)[O-],0.4576
CCCCN1C=C[N+](=C1)C.CS(=O)(=O)[O-],0.4576
CCCCN1C=C[N+](=C1)C.CS(=O)(=O)[O-],0.4576
CCCCN1C=C[N+](=C1)C.CS(=O)(=O)[O-],0.4576
CCCCN1C=C[N+](=C1)C.CS(=O)(=O)[O-],0.4974
CCCCN1C=C[N+](=C1)C.CS(=O)(=O)[O-],0.4974
CCCCN1C=C[N+](=C1)C.CS(=O)(=O)[O-],0.4974
CCCCN1C=C[N+](=C1)C.CS(=O)(=O)[O-],0.4974
CCCCN1C=C[N+](=C1)C.CS(=O)(=O)[O-],0.4974
CCCCN1C=C[N+](=C1)C.CS(=O)(=O)[O-],0.5219
CCCCN1C=C[N+](=C1)C.CS(=O)(=O)[O-],0.5219
CCCCN1C=C[N+](=C1)C.CS(=O)(=O)[O-],0.5219
CCCCN1C=C[N+](=C1)C.CS(=O)(=O)[O-],0.5219
CCCCN1C=C[N+](=C1)C.CS(=O)(=O)[O-],0.5219
CCCCN1C=C[N+](=C1)C.COS(=O)(=O)[O-],0.1118
CCCCN1C=C[N+](=C1)C.COS(=O)(=O)[O-],0.1716
CCCCN1C=C[N+](=C1)C.COS(=O)(=O)[O-],0.2378
CCCCN1C=C[N+](=C1)C.COS(=O)(=O)[O-],0.3165
CCCCN1C=C[N+](=C1)C.COS(=O)(=O)[O-],0.3997
CCCCN1C=C[N+](=C1)C.COS(=O)(=O)[O-],0.0819
CCCCN1C=C[N+](=C1)C.COS(=O)(=O)[O-],0.1892
CCCCN1C=C[N+](=C1)C.COS(=O)(=O)[O-],0.2658
CCCCN1C=C[N+](=C1)C.COS(=O)(=O)[O-],0.3206
CCCCN1C=C[N+](=C1)C.COS(=O)(=O)[O-],0.3343
CCCCN1C=C[N+](=C1)C.COS(=O)(=O)[O-],0.387
CCCCN1C=C[N+](=C1)C.COS(=O)(=O)[O-],0.4282
CCCCN1C=C[N+](=C1)C.COS(=O)(=O)[O-],0.4704
CCCCN1C=C[N+](=C1)C.COS(=O)(=O)[O-],0.4915
CCCCN1C=C[N+](=C1)C.COS(=O)(=O)[O-],0.1118
CCCCN1C=C[N+](=C1)C.COS(=O)(=O)[O-],0.1559
CCCCN1C=C[N+](=C1)C.COS(=O)(=O)[O-],0.2292
CCCCN1C=C[N+](=C1)C.COS(=O)(=O)[O-],0.2749
CCCCN1C=C[N+](=C1)C.COS(=O)(=O)[O-],0.3206
CCCCN1C=C[N+](=C1)C.COS(=O)(=O)[O-],0.3509
CCCCN1C=C[N+](=C1)C.COS(=O)(=O)[O-],0.3794
CCCCN1C=C[N+](=C1)C.COS(=O)(=O)[O-],0.397
CCCCN1C=C[N+](=C1)C.COS(=O)(=O)[O-],0.0878
CCCCN1C=C[N+](=C1)C.COS(=O)(=O)[O-],0.1146
CCCCN1C=C[N+](=C1)C.COS(=O)(=O)[O-],0.1511
CCCCN1C=C[N+](=C1)C.COS(=O)(=O)[O-],0.1984
CCCCN1C=C[N+](=C1)C.COS(=O)(=O)[O-],0.2225
CCCCN1C=C[N+](=C1)C.COS(=O)(=O)[O-],0.2439
CCCCN1C=C[N+](=C1)C.COS(=O)(=O)[O-],0.2893
CCCCN1C=C[N+](=C1)C.COS(=O)(=O)[O-],0.3385
CCCCN1C=C[N+](=C1)C.COS(=O)(=O)[O-],0.0878
CCCCN1C=C[N+](=C1)C.COS(=O)(=O)[O-],0.1146
CCCCN1C=C[N+](=C1)C.COS(=O)(=O)[O-],0.1511
CCCCN1C=C[N+](=C1)C.COS(=O)(=O)[O-],0.1984
CCCCN1C=C[N+](=C1)C.COS(=O)(=O)[O-],0.2225
CCCCN1C=C[N+](=C1)C.COS(=O)(=O)[O-],0.2439
CCCCN1C=C[N+](=C1)C.COS(=O)(=O)[O-],0.2893
CCCCN1C=C[N+](=C1)C.COS(=O)(=O)[O-],0.3385
CCCCN1C=C[N+](=C1)C.COS(=O)(=O)[O-],0.0329
CCCCN1C=C[N+](=C1)C.COS(=O)(=O)[O-],0.0646
CCCCN1C=C[N+](=C1)C.COS(=O)(=O)[O-],0.0964
CCCCN1C=C[N+](=C1)C.COS(=O)(=O)[O-],0.1256
CCCCN1C=C[N+](=C1)C.COS(=O)(=O)[O-],0.1553
CCCCN1C=C[N+](=C1)C.COS(=O)(=O)[O-],0.1837
CCCCN1C=C[N+](=C1)C.COS(=O)(=O)[O-],0.2125
CCCCN1C=C[N+](=C1)C.COS(=O)(=O)[O-],0.2429
CCCCN1C=C[N+](=C1)C.COS(=O)(=O)[O-],0.032
CCCCN1C=C[N+](=C1)C.COS(=O)(=O)[O-],0.0626
CCCCN1C=C[N+](=C1)C.COS(=O)(=O)[O-],0.0928
CCCCN1C=C[N+](=C1)C.COS(=O)(=O)[O-],0.1217
CCCCN1C=C[N+](=C1)C.COS(=O)(=O)[O-],0.1508
CCCCN1C=C[N+](=C1)C.COS(=O)(=O)[O-],0.1796
CCCCN1C=C[N+](=C1)C.COS(=O)(=O)[O-],0.2012
CCCCN1C=C[N+](=C1)C.COS(=O)(=O)[O-],0.223
CCCCN1C=C[N+](=C1)C.[C-](S(=O)(=O)C(F)(F)F)(S(=O)(=O)C(F)(F)F)S(=O)(=O)C(F)(F)F,0.3672
CCCCN1C=C[N+](=C1)C.[C-](S(=O)(=O)C(F)(F)F)(S(=O)(=O)C(F)(F)F)S(=O)(=O)C(F)(F)F,0.4844
CCCCN1C=C[N+](=C1)C.[C-](S(=O)(=O)C(F)(F)F)(S(=O)(=O)C(F)(F)F)S(=O)(=O)C(F)(F)F,0.5665
CCCCN1C=C[N+](=C1)C.[C-](S(=O)(=O)C(F)(F)F)(S(=O)(=O)C(F)(F)F)S(=O)(=O)C(F)(F)F,0.6485
CCCCN1C=C[N+](=C1)C.[C-](S(=O)(=O)C(F)(F)F)(S(=O)(=O)C(F)(F)F)S(=O)(=O)C(F)(F)F,0.741
CCCCN1C=C[N+](=C1)C.[C-](S(=O)(=O)C(F)(F)F)(S(=O)(=O)C(F)(F)F)S(=O)(=O)C(F)(F)F,0.3153
CCCCN1C=C[N+](=C1)C.[C-](S(=O)(=O)C(F)(F)F)(S(=O)(=O)C(F)(F)F)S(=O)(=O)C(F)(F)F,0.4828
CCCCN1C=C[N+](=C1)C.[C-](S(=O)(=O)C(F)(F)F)(S(=O)(=O)C(F)(F)F)S(=O)(=O)C(F)(F)F,0.5648
CCCCN1C=C[N+](=C1)C.[C-](S(=O)(=O)C(F)(F)F)(S(=O)(=O)C(F)(F)F)S(=O)(=O)C(F)(F)F,0.6387
CCCCN1C=C[N+](=C1)C.[C-](S(=O)(=O)C(F)(F)F)(S(=O)(=O)C(F)(F)F)S(=O)(=O)C(F)(F)F,0.6946
CCCCN1C=C[N+](=C1)C.[C-](S(=O)(=O)C(F)(F)F)(S(=O)(=O)C(F)(F)F)S(=O)(=O)C(F)(F)F,0.7379
CCCCN1C=C[N+](=C1)C.[C-](S(=O)(=O)C(F)(F)F)(S(=O)(=O)C(F)(F)F)S(=O)(=O)C(F)(F)F,0.7652
CCCCN1C=C[N+](=C1)C.[C-](S(=O)(=O)C(F)(F)F)(S(=O)(=O)C(F)(F)F)S(=O)(=O)C(F)(F)F,0.774
CCCCN1C=C[N+](=C1)C.[C-](S(=O)(=O)C(F)(F)F)(S(=O)(=O)C(F)(F)F)S(=O)(=O)C(F)(F)F,0.277
CCCCN1C=C[N+](=C1)C.[C-](S(=O)(=O)C(F)(F)F)(S(=O)(=O)C(F)(F)F)S(=O)(=O)C(F)(F)F,0.4106
CCCCN1C=C[N+](=C1)C.[C-](S(=O)(=O)C(F)(F)F)(S(=O)(=O)C(F)(F)F)S(=O)(=O)C(F)(F)F,0.5015
CCCCN1C=C[N+](=C1)C.[C-](S(=O)(=O)C(F)(F)F)(S(=O)(=O)C(F)(F)F)S(=O)(=O)C(F)(F)F,0.5706
CCCCN1C=C[N+](=C1)C.[C-](S(=O)(=O)C(F)(F)F)(S(=O)(=O)C(F)(F)F)S(=O)(=O)C(F)(F)F,0.624
CCCCN1C=C[N+](=C1)C.[C-](S(=O)(=O)C(F)(F)F)(S(=O)(=O)C(F)(F)F)S(=O)(=O)C(F)(F)F,0.6702
CCCCN1C=C[N+](=C1)C.[C-](S(=O)(=O)C(F)(F)F)(S(=O)(=O)C(F)(F)F)S(=O)(=O)C(F)(F)F,0.7067
CCCCN1C=C[N+](=C1)C.[C-](S(=O)(=O)C(F)(F)F)(S(=O)(=O)C(F)(F)F)S(=O)(=O)C(F)(F)F,0.7401
CCCCN1C=C[N+](=C1)C.[N+](=O)([O-])[O-],0.196
CCCCN1C=C[N+](=C1)C.[N+](=O)([O-])[O-],0.276
